note,midi_number,pitch,octave,frequency_hz,dynamic,velocity_min,velocity_max,exists,aiff_path,wav_path,file_size_bytes,sample_rate,channels,bit_depth
A0,21,A,0,27.5,pp,1,55,False,,,0,44100,2,16
A0,21,A,0,27.5,mf,56,95,False,,,0,44100,2,16
A0,21,A,0,27.5,ff,1,127,True,ff/Piano.ff.A0.aiff,wav/ff/Piano.ff.A0.wav,9484390,44100,2,16
Bb0,22,Bb,0,29.14,pp,1,95,True,pp/Piano.pp.Bb0.aiff,wav/pp/Piano.pp.Bb0.wav,6329722,44100,2,16
Bb0,22,Bb,0,29.14,mf,56,95,False,,,0,44100,2,16
Bb0,22,Bb,0,29.14,ff,96,127,True,ff/Piano.ff.Bb0.aiff,wav/ff/Piano.ff.Bb0.wav,9872322,44100,2,16
B0,23,B,0,30.87,pp,1,55,True,pp/Piano.pp.B0.aiff,wav/pp/Piano.pp.B0.wav,6046234,44100,2,16
B0,23,B,0,30.87,mf,56,95,True,mf/Piano.mf.B0.aiff,wav/mf/Piano.mf.B0.wav,5549218,44100,2,16
B0,23,B,0,30.87,ff,96,127,True,ff/Piano.ff.B0.aiff,wav/ff/Piano.ff.B0.wav,9661906,44100,2,16
C1,24,C,1,32.7,pp,1,55,True,pp/Piano.pp.C1.aiff,wav/pp/Piano.pp.C1.wav,5912710,44100,2,16
C1,24,C,1,32.7,mf,56,95,True,mf/Piano.mf.C1.aiff,wav/mf/Piano.mf.C1.wav,5992554,44100,2,16
C1,24,C,1,32.7,ff,96,127,True,ff/Piano.ff.C1.aiff,wav/ff/Piano.ff.C1.wav,8783474,44100,2,16
Db1,25,Db,1,34.65,pp,1,55,True,pp/Piano.pp.Db1.aiff,wav/pp/Piano.pp.Db1.wav,5754010,44100,2,16
Db1,25,Db,1,34.65,mf,56,95,True,mf/Piano.mf.Db1.aiff,wav/mf/Piano.mf.Db1.wav,6271506,44100,2,16
Db1,25,Db,1,34.65,ff,96,127,True,ff/Piano.ff.Db1.aiff,wav/ff/Piano.ff.Db1.wav,9889298,44100,2,16
D1,26,D,1,36.71,pp,1,55,True,pp/Piano.pp.D1.aiff,wav/pp/Piano.pp.D1.wav,6815282,44100,2,16
D1,26,D,1,36.71,mf,56,95,True,mf/Piano.mf.D1.aiff,wav/mf/Piano.mf.D1.wav,8127926,44100,2,16
D1,26,D,1,36.71,ff,96,127,True,ff/Piano.ff.D1.aiff,wav/ff/Piano.ff.D1.wav,9755578,44100,2,16
Eb1,27,Eb,1,38.89,pp,1,55,True,pp/Piano.pp.Eb1.aiff,wav/pp/Piano.pp.Eb1.wav,5878642,44100,2,16
Eb1,27,Eb,1,38.89,mf,56,95,True,mf/Piano.mf.Eb1.aiff,wav/mf/Piano.mf.Eb1.wav,7688826,44100,2,16
Eb1,27,Eb,1,38.89,ff,96,127,True,ff/Piano.ff.Eb1.aiff,wav/ff/Piano.ff.Eb1.wav,10131734,44100,2,16
E1,28,E,1,41.2,pp,1,55,True,pp/Piano.pp.E1.aiff,wav/pp/Piano.pp.E1.wav,6128810,44100,2,16
E1,28,E,1,41.2,mf,56,95,True,mf/Piano.mf.E1.aiff,wav/mf/Piano.mf.E1.wav,7776474,44100,2,16
E1,28,E,1,41.2,ff,96,127,True,ff/Piano.ff.E1.aiff,wav/ff/Piano.ff.E1.wav,9655318,44100,2,16
F1,29,F,1,43.65,pp,1,55,True,pp/Piano.pp.F1.aiff,wav/pp/Piano.pp.F1.wav,6550874,44100,2,16
F1,29,F,1,43.65,mf,56,95,True,mf/Piano.mf.F1.aiff,wav/mf/Piano.mf.F1.wav,8281774,44100,2,16
F1,29,F,1,43.65,ff,96,127,True,ff/Piano.ff.F1.aiff,wav/ff/Piano.ff.F1.wav,10542262,44100,2,16
Gb1,30,Gb,1,46.25,pp,1,55,True,pp/Piano.pp.Gb1.aiff,wav/pp/Piano.pp.Gb1.wav,7688778,44100,2,16
Gb1,30,Gb,1,46.25,mf,56,95,True,mf/Piano.mf.Gb1.aiff,wav/mf/Piano.mf.Gb1.wav,11102422,44100,2,16
Gb1,30,Gb,1,46.25,ff,96,127,True,ff/Piano.ff.Gb1.aiff,wav/ff/Piano.ff.Gb1.wav,13533238,44100,2,16
G1,31,G,1,49.0,pp,1,55,True,pp/Piano.pp.G1.aiff,wav/pp/Piano.pp.G1.wav,8707866,44100,2,16
G1,31,G,1,49.0,mf,56,95,True,mf/Piano.mf.G1.aiff,wav/mf/Piano.mf.G1.wav,10088498,44100,2,16
G1,31,G,1,49.0,ff,96,127,True,ff/Piano.ff.G1.aiff,wav/ff/Piano.ff.G1.wav,11753394,44100,2,16
Ab1,32,Ab,1,51.91,pp,1,55,True,pp/Piano.pp.Ab1.aiff,wav/pp/Piano.pp.Ab1.wav,7010926,44100,2,16
Ab1,32,Ab,1,51.91,mf,56,95,True,mf/Piano.mf.Ab1.aiff,wav/mf/Piano.mf.Ab1.wav,9699654,44100,2,16
Ab1,32,Ab,1,51.91,ff,96,127,True,ff/Piano.ff.Ab1.aiff,wav/ff/Piano.ff.Ab1.wav,10142054,44100,2,16
A1,33,A,1,55.0,pp,1,55,True,pp/Piano.pp.A1.aiff,wav/pp/Piano.pp.A1.wav,6130874,44100,2,16
A1,33,A,1,55.0,mf,56,95,True,mf/Piano.mf.A1.aiff,wav/mf/Piano.mf.A1.wav,9769770,44100,2,16
A1,33,A,1,55.0,ff,96,127,True,ff/Piano.ff.A1.aiff,wav/ff/Piano.ff.A1.wav,10489602,44100,2,16
Bb1,34,Bb,1,58.27,pp,1,55,True,pp/Piano.pp.Bb1.aiff,wav/pp/Piano.pp.Bb1.wav,7585622,44100,2,16
Bb1,34,Bb,1,58.27,mf,56,95,True,mf/Piano.mf.Bb1.aiff,wav/mf/Piano.mf.Bb1.wav,9884910,44100,2,16
Bb1,34,Bb,1,58.27,ff,96,127,True,ff/Piano.ff.Bb1.aiff,wav/ff/Piano.ff.Bb1.wav,11015274,44100,2,16
B1,35,B,1,61.74,pp,1,55,True,pp/Piano.pp.B1.aiff,wav/pp/Piano.pp.B1.wav,7088370,44100,2,16
B1,35,B,1,61.74,mf,56,95,True,mf/Piano.mf.B1.aiff,wav/mf/Piano.mf.B1.wav,9353238,44100,2,16
B1,35,B,1,61.74,ff,96,127,True,ff/Piano.ff.B1.aiff,wav/ff/Piano.ff.B1.wav,13567614,44100,2,16
C2,36,C,2,65.41,pp,1,55,True,pp/Piano.pp.C2.aiff,wav/pp/Piano.pp.C2.wav,8298822,44100,2,16
C2,36,C,2,65.41,mf,56,95,True,mf/Piano.mf.C2.aiff,wav/mf/Piano.mf.C2.wav,9033438,44100,2,16
C2,36,C,2,65.41,ff,96,127,True,ff/Piano.ff.C2.aiff,wav/ff/Piano.ff.C2.wav,9257398,44100,2,16
Db2,37,Db,2,69.3,pp,1,55,True,pp/Piano.pp.Db2.aiff,wav/pp/Piano.pp.Db2.wav,6988426,44100,2,16
Db2,37,Db,2,69.3,mf,56,95,True,mf/Piano.mf.Db2.aiff,wav/mf/Piano.mf.Db2.wav,12957754,44100,2,16
Db2,37,Db,2,69.3,ff,96,127,True,ff/Piano.ff.Db2.aiff,wav/ff/Piano.ff.Db2.wav,11690206,44100,2,16
D2,38,D,2,73.42,pp,1,55,True,pp/Piano.pp.D2.aiff,wav/pp/Piano.pp.D2.wav,7394414,44100,2,16
D2,38,D,2,73.42,mf,56,95,True,mf/Piano.mf.D2.aiff,wav/mf/Piano.mf.D2.wav,9921962,44100,2,16
D2,38,D,2,73.42,ff,96,127,True,ff/Piano.ff.D2.aiff,wav/ff/Piano.ff.D2.wav,10173654,44100,2,16
Eb2,39,Eb,2,77.78,pp,1,55,True,pp/Piano.pp.Eb2.aiff,wav/pp/Piano.pp.Eb2.wav,7855778,44100,2,16
Eb2,39,Eb,2,77.78,mf,56,95,True,mf/Piano.mf.Eb2.aiff,wav/mf/Piano.mf.Eb2.wav,9773874,44100,2,16
Eb2,39,Eb,2,77.78,ff,96,127,True,ff/Piano.ff.Eb2.aiff,wav/ff/Piano.ff.Eb2.wav,10110462,44100,2,16
E2,40,E,2,82.41,pp,1,55,True,pp/Piano.pp.E2.aiff,wav/pp/Piano.pp.E2.wav,7380262,44100,2,16
E2,40,E,2,82.41,mf,56,95,True,mf/Piano.mf.E2.aiff,wav/mf/Piano.mf.E2.wav,9218546,44100,2,16
E2,40,E,2,82.41,ff,96,127,True,ff/Piano.ff.E2.aiff,wav/ff/Piano.ff.E2.wav,9984086,44100,2,16
F2,41,F,2,87.31,pp,1,55,True,pp/Piano.pp.F2.aiff,wav/pp/Piano.pp.F2.wav,5864006,44100,2,16
F2,41,F,2,87.31,mf,56,95,True,mf/Piano.mf.F2.aiff,wav/mf/Piano.mf.F2.wav,9107482,44100,2,16
F2,41,F,2,87.31,ff,96,127,True,ff/Piano.ff.F2.aiff,wav/ff/Piano.ff.F2.wav,8720286,44100,2,16
Gb2,42,Gb,2,92.5,pp,1,55,True,pp/Piano.pp.Gb2.aiff,wav/pp/Piano.pp.Gb2.wav,6486498,44100,2,16
Gb2,42,Gb,2,92.5,mf,56,95,True,mf/Piano.mf.Gb2.aiff,wav/mf/Piano.mf.Gb2.wav,7640958,44100,2,16
Gb2,42,Gb,2,92.5,ff,96,127,True,ff/Piano.ff.Gb2.aiff,wav/ff/Piano.ff.Gb2.wav,8277958,44100,2,16
G2,43,G,2,98.0,pp,1,55,True,pp/Piano.pp.G2.aiff,wav/pp/Piano.pp.G2.wav,6403054,44100,2,16
G2,43,G,2,98.0,mf,56,95,True,mf/Piano.mf.G2.aiff,wav/mf/Piano.mf.G2.wav,7079334,44100,2,16
G2,43,G,2,98.0,ff,96,127,True,ff/Piano.ff.G2.aiff,wav/ff/Piano.ff.G2.wav,8214770,44100,2,16
Ab2,44,Ab,2,103.83,pp,1,55,True,pp/Piano.pp.Ab2.aiff,wav/pp/Piano.pp.Ab2.wav,7466742,44100,2,16
Ab2,44,Ab,2,103.83,mf,56,95,True,mf/Piano.mf.Ab2.aiff,wav/mf/Piano.mf.Ab2.wav,7673194,44100,2,16
Ab2,44,Ab,2,103.83,ff,96,127,True,ff/Piano.ff.Ab2.aiff,wav/ff/Piano.ff.Ab2.wav,8056794,44100,2,16
A2,45,A,2,110.0,pp,1,55,True,pp/Piano.pp.A2.aiff,wav/pp/Piano.pp.A2.wav,6518630,44100,2,16
A2,45,A,2,110.0,mf,56,95,True,mf/Piano.mf.A2.aiff,wav/mf/Piano.mf.A2.wav,6923190,44100,2,16
A2,45,A,2,110.0,ff,96,127,True,ff/Piano.ff.A2.aiff,wav/ff/Piano.ff.A2.wav,8138518,44100,2,16
Bb2,46,Bb,2,116.54,pp,1,55,True,pp/Piano.pp.Bb2.aiff,wav/pp/Piano.pp.Bb2.wav,4864938,44100,2,16
Bb2,46,Bb,2,116.54,mf,56,95,True,mf/Piano.mf.Bb2.aiff,wav/mf/Piano.mf.Bb2.wav,7590314,44100,2,16
Bb2,46,Bb,2,116.54,ff,96,127,True,ff/Piano.ff.Bb2.aiff,wav/ff/Piano.ff.Bb2.wav,8980482,44100,2,16
B2,47,B,2,123.47,pp,1,55,True,pp/Piano.pp.B2.aiff,wav/pp/Piano.pp.B2.wav,6840030,44100,2,16
B2,47,B,2,123.47,mf,56,95,True,mf/Piano.mf.B2.aiff,wav/mf/Piano.mf.B2.wav,8197930,44100,2,16
B2,47,B,2,123.47,ff,96,127,True,ff/Piano.ff.B2.aiff,wav/ff/Piano.ff.B2.wav,9099426,44100,2,16
C3,48,C,3,130.81,pp,1,55,True,pp/Piano.pp.C3.aiff,wav/pp/Piano.pp.C3.wav,6798614,44100,2,16
C3,48,C,3,130.81,mf,56,95,True,mf/Piano.mf.C3.aiff,wav/mf/Piano.mf.C3.wav,7293410,44100,2,16
C3,48,C,3,130.81,ff,96,127,True,ff/Piano.ff.C3.aiff,wav/ff/Piano.ff.C3.wav,8001522,44100,2,16
Db3,49,Db,3,138.59,pp,1,55,True,pp/Piano.pp.Db3.aiff,wav/pp/Piano.pp.Db3.wav,5134818,44100,2,16
Db3,49,Db,3,138.59,mf,56,95,True,mf/Piano.mf.Db3.aiff,wav/mf/Piano.mf.Db3.wav,7145322,44100,2,16
Db3,49,Db,3,138.59,ff,96,127,True,ff/Piano.ff.Db3.aiff,wav/ff/Piano.ff.Db3.wav,8044774,44100,2,16
D3,50,D,3,146.83,pp,1,55,True,pp/Piano.pp.D3.aiff,wav/pp/Piano.pp.D3.wav,6405702,44100,2,16
D3,50,D,3,146.83,mf,56,95,True,mf/Piano.mf.D3.aiff,wav/mf/Piano.mf.D3.wav,7811718,44100,2,16
D3,50,D,3,146.83,ff,96,127,True,ff/Piano.ff.D3.aiff,wav/ff/Piano.ff.D3.wav,7958274,44100,2,16
Eb3,51,Eb,3,155.56,pp,1,55,True,pp/Piano.pp.Eb3.aiff,wav/pp/Piano.pp.Eb3.wav,6464222,44100,2,16
Eb3,51,Eb,3,155.56,mf,56,95,True,mf/Piano.mf.Eb3.aiff,wav/mf/Piano.mf.Eb3.wav,7636430,44100,2,16
Eb3,51,Eb,3,155.56,ff,96,127,True,ff/Piano.ff.Eb3.aiff,wav/ff/Piano.ff.Eb3.wav,8512626,44100,2,16
E3,52,E,3,164.81,pp,1,55,True,pp/Piano.pp.E3.aiff,wav/pp/Piano.pp.E3.wav,6471390,44100,2,16
E3,52,E,3,164.81,mf,56,95,True,mf/Piano.mf.E3.aiff,wav/mf/Piano.mf.E3.wav,5947346,44100,2,16
E3,52,E,3,164.81,ff,96,127,True,ff/Piano.ff.E3.aiff,wav/ff/Piano.ff.E3.wav,8395238,44100,2,16
F3,53,F,3,174.61,pp,1,55,True,pp/Piano.pp.F3.aiff,wav/pp/Piano.pp.F3.wav,6244670,44100,2,16
F3,53,F,3,174.61,mf,56,95,True,mf/Piano.mf.F3.aiff,wav/mf/Piano.mf.F3.wav,5768802,44100,2,16
F3,53,F,3,174.61,ff,96,127,True,ff/Piano.ff.F3.aiff,wav/ff/Piano.ff.F3.wav,7951862,44100,2,16
Gb3,54,Gb,3,185.0,pp,1,55,True,pp/Piano.pp.Gb3.aiff,wav/pp/Piano.pp.Gb3.wav,6609406,44100,2,16
Gb3,54,Gb,3,185.0,mf,56,95,True,mf/Piano.mf.Gb3.aiff,wav/mf/Piano.mf.Gb3.wav,6725046,44100,2,16
Gb3,54,Gb,3,185.0,ff,96,127,True,ff/Piano.ff.Gb3.aiff,wav/ff/Piano.ff.Gb3.wav,8575530,44100,2,16
G3,55,G,3,196.0,pp,1,55,True,pp/Piano.pp.G3.aiff,wav/pp/Piano.pp.G3.wav,6330178,44100,2,16
G3,55,G,3,196.0,mf,56,95,True,mf/Piano.mf.G3.aiff,wav/mf/Piano.mf.G3.wav,6074234,44100,2,16
G3,55,G,3,196.0,ff,96,127,True,ff/Piano.ff.G3.aiff,wav/ff/Piano.ff.G3.wav,6665554,44100,2,16
Ab3,56,Ab,3,207.65,pp,1,55,True,pp/Piano.pp.Ab3.aiff,wav/pp/Piano.pp.Ab3.wav,6584450,44100,2,16
Ab3,56,Ab,3,207.65,mf,56,95,True,mf/Piano.mf.Ab3.aiff,wav/mf/Piano.mf.Ab3.wav,6836472,44100,2,16
Ab3,56,Ab,3,207.65,ff,96,127,True,ff/Piano.ff.Ab3.aiff,wav/ff/Piano.ff.Ab3.wav,7562070,44100,2,16
A3,57,A,3,220.0,pp,1,55,True,pp/Piano.pp.A3.aiff,wav/pp/Piano.pp.A3.wav,6480466,44100,2,16
A3,57,A,3,220.0,mf,56,95,True,mf/Piano.mf.A3.aiff,wav/mf/Piano.mf.A3.wav,5699206,44100,2,16
A3,57,A,3,220.0,ff,96,127,True,ff/Piano.ff.A3.aiff,wav/ff/Piano.ff.A3.wav,7523094,44100,2,16
Bb3,58,Bb,3,233.08,pp,1,55,True,pp/Piano.pp.Bb3.aiff,wav/pp/Piano.pp.Bb3.wav,6053438,44100,2,16
Bb3,58,Bb,3,233.08,mf,56,95,True,mf/Piano.mf.Bb3.aiff,wav/mf/Piano.mf.Bb3.wav,6324718,44100,2,16
Bb3,58,Bb,3,233.08,ff,96,127,True,ff/Piano.ff.Bb3.aiff,wav/ff/Piano.ff.Bb3.wav,6754438,44100,2,16
B3,59,B,3,246.94,pp,1,55,True,pp/Piano.pp.B3.aiff,wav/pp/Piano.pp.B3.wav,5661430,44100,2,16
B3,59,B,3,246.94,mf,56,95,True,mf/Piano.mf.B3.aiff,wav/mf/Piano.mf.B3.wav,6301554,44100,2,16
B3,59,B,3,246.94,ff,96,127,True,ff/Piano.ff.B3.aiff,wav/ff/Piano.ff.B3.wav,9550014,44100,2,16
C4,60,C,4,261.63,pp,1,55,True,pp/Piano.pp.C4.aiff,wav/pp/Piano.pp.C4.wav,5195362,44100,2,16
C4,60,C,4,261.63,mf,56,95,True,mf/Piano.mf.C4.aiff,wav/mf/Piano.mf.C4.wav,5453058,44100,2,16
C4,60,C,4,261.63,ff,96,127,True,ff/Piano.ff.C4.aiff,wav/ff/Piano.ff.C4.wav,6353718,44100,2,16
Db4,61,Db,4,277.18,pp,1,55,True,pp/Piano.pp.Db4.aiff,wav/pp/Piano.pp.Db4.wav,6389230,44100,2,16
Db4,61,Db,4,277.18,mf,56,95,True,mf/Piano.mf.Db4.aiff,wav/mf/Piano.mf.Db4.wav,5212702,44100,2,16
Db4,61,Db,4,277.18,ff,96,127,True,ff/Piano.ff.Db4.aiff,wav/ff/Piano.ff.Db4.wav,6713922,44100,2,16
D4,62,D,4,293.66,pp,1,55,True,pp/Piano.pp.D4.aiff,wav/pp/Piano.pp.D4.wav,4859750,44100,2,16
D4,62,D,4,293.66,mf,56,95,True,mf/Piano.mf.D4.aiff,wav/mf/Piano.mf.D4.wav,5197374,44100,2,16
D4,62,D,4,293.66,ff,96,127,True,ff/Piano.ff.D4.aiff,wav/ff/Piano.ff.D4.wav,6275758,44100,2,16
Eb4,63,Eb,4,311.13,pp,1,55,True,pp/Piano.pp.Eb4.aiff,wav/pp/Piano.pp.Eb4.wav,5556150,44100,2,16
Eb4,63,Eb,4,311.13,mf,56,95,True,mf/Piano.mf.Eb4.aiff,wav/mf/Piano.mf.Eb4.wav,5212702,44100,2,16
Eb4,63,Eb,4,311.13,ff,96,127,True,ff/Piano.ff.Eb4.aiff,wav/ff/Piano.ff.Eb4.wav,6938406,44100,2,16
E4,64,E,4,329.63,pp,1,55,True,pp/Piano.pp.E4.aiff,wav/pp/Piano.pp.E4.wav,5190070,44100,2,16
E4,64,E,4,329.63,mf,56,95,True,mf/Piano.mf.E4.aiff,wav/mf/Piano.mf.E4.wav,5141834,44100,2,16
E4,64,E,4,329.63,ff,96,127,True,ff/Piano.ff.E4.aiff,wav/ff/Piano.ff.E4.wav,8341658,44100,2,16
F4,65,F,4,349.23,pp,1,55,True,pp/Piano.pp.F4.aiff,wav/pp/Piano.pp.F4.wav,4210050,44100,2,16
F4,65,F,4,349.23,mf,56,95,True,mf/Piano.mf.F4.aiff,wav/mf/Piano.mf.F4.wav,4911526,44100,2,16
F4,65,F,4,349.23,ff,96,127,True,ff/Piano.ff.F4.aiff,wav/ff/Piano.ff.F4.wav,7682522,44100,2,16
Gb4,66,Gb,4,369.99,pp,1,55,True,pp/Piano.pp.Gb4.aiff,wav/pp/Piano.pp.Gb4.wav,4355070,44100,2,16
Gb4,66,Gb,4,369.99,mf,56,95,True,mf/Piano.mf.Gb4.aiff,wav/mf/Piano.mf.Gb4.wav,4355518,44100,2,16
Gb4,66,Gb,4,369.99,ff,96,127,True,ff/Piano.ff.Gb4.aiff,wav/ff/Piano.ff.Gb4.wav,6231086,44100,2,16
G4,67,G,4,392.0,pp,1,55,True,pp/Piano.pp.G4.aiff,wav/pp/Piano.pp.G4.wav,4506022,44100,2,16
G4,67,G,4,392.0,mf,56,95,True,mf/Piano.mf.G4.aiff,wav/mf/Piano.mf.G4.wav,5537038,44100,2,16
G4,67,G,4,392.0,ff,96,127,True,ff/Piano.ff.G4.aiff,wav/ff/Piano.ff.G4.wav,6677270,44100,2,16
Ab4,68,Ab,4,415.3,pp,1,55,True,pp/Piano.pp.Ab4.aiff,wav/pp/Piano.pp.Ab4.wav,4528622,44100,2,16
Ab4,68,Ab,4,415.3,mf,56,95,True,mf/Piano.mf.Ab4.aiff,wav/mf/Piano.mf.Ab4.wav,4563750,44100,2,16
Ab4,68,Ab,4,415.3,ff,96,127,True,ff/Piano.ff.Ab4.aiff,wav/ff/Piano.ff.Ab4.wav,6372562,44100,2,16
A4,69,A,4,440.0,pp,1,55,True,pp/Piano.pp.A4.aiff,wav/pp/Piano.pp.A4.wav,3963726,44100,2,16
A4,69,A,4,440.0,mf,56,95,True,mf/Piano.mf.A4.aiff,wav/mf/Piano.mf.A4.wav,5289358,44100,2,16
A4,69,A,4,440.0,ff,96,127,True,ff/Piano.ff.A4.aiff,wav/ff/Piano.ff.A4.wav,6002902,44100,2,16
Bb4,70,Bb,4,466.16,pp,1,55,True,pp/Piano.pp.Bb4.aiff,wav/pp/Piano.pp.Bb4.wav,3932650,44100,2,16
Bb4,70,Bb,4,466.16,mf,56,95,True,mf/Piano.mf.Bb4.aiff,wav/mf/Piano.mf.Bb4.wav,4540954,44100,2,16
Bb4,70,Bb,4,466.16,ff,96,127,True,ff/Piano.ff.Bb4.aiff,wav/ff/Piano.ff.Bb4.wav,5262302,44100,2,16
B4,71,B,4,493.88,pp,1,55,True,pp/Piano.pp.B4.aiff,wav/pp/Piano.pp.B4.wav,4309374,44100,2,16
B4,71,B,4,493.88,mf,56,95,True,mf/Piano.mf.B4.aiff,wav/mf/Piano.mf.B4.wav,6023550,44100,2,16
B4,71,B,4,493.88,ff,96,127,True,ff/Piano.ff.B4.aiff,wav/ff/Piano.ff.B4.wav,6314734,44100,2,16
C5,72,C,5,523.25,pp,1,55,True,pp/Piano.pp.C5.aiff,wav/pp/Piano.pp.C5.wav,4065978,44100,2,16
C5,72,C,5,523.25,mf,56,95,True,mf/Piano.mf.C5.aiff,wav/mf/Piano.mf.C5.wav,4355518,44100,2,16
C5,72,C,5,523.25,ff,96,127,True,ff/Piano.ff.C5.aiff,wav/ff/Piano.ff.C5.wav,6470654,44100,2,16
Db5,73,Db,5,554.37,pp,1,55,True,pp/Piano.pp.Db5.aiff,wav/pp/Piano.pp.Db5.wav,4139554,44100,2,16
Db5,73,Db,5,554.37,mf,56,95,True,mf/Piano.mf.Db5.aiff,wav/mf/Piano.mf.Db5.wav,3803426,44100,2,16
Db5,73,Db,5,554.37,ff,96,127,True,ff/Piano.ff.Db5.aiff,wav/ff/Piano.ff.Db5.wav,5363442,44100,2,16
D5,74,D,5,587.33,pp,1,55,True,pp/Piano.pp.D5.aiff,wav/pp/Piano.pp.D5.wav,3256926,44100,2,16
D5,74,D,5,587.33,mf,56,95,True,mf/Piano.mf.D5.aiff,wav/mf/Piano.mf.D5.wav,3892178,44100,2,16
D5,74,D,5,587.33,ff,96,127,True,ff/Piano.ff.D5.aiff,wav/ff/Piano.ff.D5.wav,5379234,44100,2,16
Eb5,75,Eb,5,622.25,pp,1,55,True,pp/Piano.pp.Eb5.aiff,wav/pp/Piano.pp.Eb5.wav,3931126,44100,2,16
Eb5,75,Eb,5,622.25,mf,56,95,True,mf/Piano.mf.Eb5.aiff,wav/mf/Piano.mf.Eb5.wav,4795690,44100,2,16
Eb5,75,Eb,5,622.25,ff,96,127,True,ff/Piano.ff.Eb5.aiff,wav/ff/Piano.ff.Eb5.wav,5418214,44100,2,16
E5,76,E,5,659.26,pp,1,55,True,pp/Piano.pp.E5.aiff,wav/pp/Piano.pp.E5.wav,3870710,44100,2,16
E5,76,E,5,659.26,mf,56,95,True,mf/Piano.mf.E5.aiff,wav/mf/Piano.mf.E5.wav,4610354,44100,2,16
E5,76,E,5,659.26,ff,96,127,True,ff/Piano.ff.E5.aiff,wav/ff/Piano.ff.E5.wav,5710706,44100,2,16
F5,77,F,5,698.46,pp,1,55,True,pp/Piano.pp.F5.aiff,wav/pp/Piano.pp.F5.wav,4030014,44100,2,16
F5,77,F,5,698.46,mf,56,95,True,mf/Piano.mf.F5.aiff,wav/mf/Piano.mf.F5.wav,3197162,44100,2,16
F5,77,F,5,698.46,ff,96,127,True,ff/Piano.ff.F5.aiff,wav/ff/Piano.ff.F5.wav,5127310,44100,2,16
Gb5,78,Gb,5,739.99,pp,1,55,True,pp/Piano.pp.Gb5.aiff,wav/pp/Piano.pp.Gb5.wav,3808750,44100,2,16
Gb5,78,Gb,5,739.99,mf,56,95,True,mf/Piano.mf.Gb5.aiff,wav/mf/Piano.mf.Gb5.wav,3313002,44100,2,16
Gb5,78,Gb,5,739.99,ff,96,127,True,ff/Piano.ff.Gb5.aiff,wav/ff/Piano.ff.Gb5.wav,4688794,44100,2,16
G5,79,G,5,783.99,pp,1,55,True,pp/Piano.pp.G5.aiff,wav/pp/Piano.pp.G5.wav,3880486,44100,2,16
G5,79,G,5,783.99,mf,56,95,True,mf/Piano.mf.G5.aiff,wav/mf/Piano.mf.G5.wav,3446422,44100,2,16
G5,79,G,5,783.99,ff,96,127,True,ff/Piano.ff.G5.aiff,wav/ff/Piano.ff.G5.wav,5134114,44100,2,16
Ab5,80,Ab,5,830.61,pp,1,55,True,pp/Piano.pp.Ab5.aiff,wav/pp/Piano.pp.Ab5.wav,3902226,44100,2,16
Ab5,80,Ab,5,830.61,mf,56,95,True,mf/Piano.mf.Ab5.aiff,wav/mf/Piano.mf.Ab5.wav,2652906,44100,2,16
Ab5,80,Ab,5,830.61,ff,96,127,True,ff/Piano.ff.Ab5.aiff,wav/ff/Piano.ff.Ab5.wav,4390642,44100,2,16
A5,81,A,5,880.0,pp,1,55,True,pp/Piano.pp.A5.aiff,wav/pp/Piano.pp.A5.wav,3636646,44100,2,16
A5,81,A,5,880.0,mf,56,95,True,mf/Piano.mf.A5.aiff,wav/mf/Piano.mf.A5.wav,2756990,44100,2,16
A5,81,A,5,880.0,ff,96,127,True,ff/Piano.ff.A5.aiff,wav/ff/Piano.ff.A5.wav,4047782,44100,2,16
Bb5,82,Bb,5,932.33,pp,1,55,True,pp/Piano.pp.Bb5.aiff,wav/pp/Piano.pp.Bb5.wav,3009398,44100,2,16
Bb5,82,Bb,5,932.33,mf,56,95,True,mf/Piano.mf.Bb5.aiff,wav/mf/Piano.mf.Bb5.wav,3266662,44100,2,16
Bb5,82,Bb,5,932.33,ff,96,127,True,ff/Piano.ff.Bb5.aiff,wav/ff/Piano.ff.Bb5.wav,3664154,44100,2,16
B5,83,B,5,987.77,pp,1,55,True,pp/Piano.pp.B5.aiff,wav/pp/Piano.pp.B5.wav,3506390,44100,2,16
B5,83,B,5,987.77,mf,56,95,True,mf/Piano.mf.B5.aiff,wav/mf/Piano.mf.B5.wav,2256126,44100,2,16
B5,83,B,5,987.77,ff,96,127,True,ff/Piano.ff.B5.aiff,wav/ff/Piano.ff.B5.wav,5963926,44100,2,16
C6,84,C,6,1046.5,pp,1,55,True,pp/Piano.pp.C6.aiff,wav/pp/Piano.pp.C6.wav,2466378,44100,2,16
C6,84,C,6,1046.5,mf,56,95,True,mf/Piano.mf.C6.aiff,wav/mf/Piano.mf.C6.wav,3020362,44100,2,16
C6,84,C,6,1046.5,ff,96,127,True,ff/Piano.ff.C6.aiff,wav/ff/Piano.ff.C6.wav,4120198,44100,2,16
Db6,85,Db,6,1108.73,pp,1,55,True,pp/Piano.pp.Db6.aiff,wav/pp/Piano.pp.Db6.wav,2383442,44100,2,16
Db6,85,Db,6,1108.73,mf,56,95,True,mf/Piano.mf.Db6.aiff,wav/mf/Piano.mf.Db6.wav,2614722,44100,2,16
Db6,85,Db,6,1108.73,ff,96,127,True,ff/Piano.ff.Db6.aiff,wav/ff/Piano.ff.Db6.wav,3532590,44100,2,16
D6,86,D,6,1174.66,pp,1,55,True,pp/Piano.pp.D6.aiff,wav/pp/Piano.pp.D6.wav,2360666,44100,2,16
D6,86,D,6,1174.66,mf,56,95,True,mf/Piano.mf.D6.aiff,wav/mf/Piano.mf.D6.wav,2653746,44100,2,16
D6,86,D,6,1174.66,ff,96,127,True,ff/Piano.ff.D6.aiff,wav/ff/Piano.ff.D6.wav,3710490,44100,2,16
Eb6,87,Eb,6,1244.51,pp,1,55,True,pp/Piano.pp.Eb6.aiff,wav/pp/Piano.pp.Eb6.wav,2284606,44100,2,16
Eb6,87,Eb,6,1244.51,mf,56,95,True,mf/Piano.mf.Eb6.aiff,wav/mf/Piano.mf.Eb6.wav,2653746,44100,2,16
Eb6,87,Eb,6,1244.51,ff,96,127,True,ff/Piano.ff.Eb6.aiff,wav/ff/Piano.ff.Eb6.wav,3040662,44100,2,16
E6,88,E,6,1318.51,pp,1,55,True,pp/Piano.pp.E6.aiff,wav/pp/Piano.pp.E6.wav,2344370,44100,2,16
E6,88,E,6,1318.51,mf,56,95,True,mf/Piano.mf.E6.aiff,wav/mf/Piano.mf.E6.wav,2466706,44100,2,16
E6,88,E,6,1318.51,ff,96,127,True,ff/Piano.ff.E6.aiff,wav/ff/Piano.ff.E6.wav,3440386,44100,2,16
F6,89,F,6,1396.91,pp,1,55,True,pp/Piano.pp.F6.aiff,wav/pp/Piano.pp.F6.wav,1666902,44100,2,16
F6,89,F,6,1396.91,mf,56,95,True,mf/Piano.mf.F6.aiff,wav/mf/Piano.mf.F6.wav,2221214,44100,2,16
F6,89,F,6,1396.91,ff,96,127,True,ff/Piano.ff.F6.aiff,wav/ff/Piano.ff.F6.wav,2788910,44100,2,16
Gb6,90,Gb,6,1479.98,pp,1,55,True,pp/Piano.pp.Gb6.aiff,wav/pp/Piano.pp.Gb6.wav,2137514,44100,2,16
Gb6,90,Gb,6,1479.98,mf,56,95,True,mf/Piano.mf.Gb6.aiff,wav/mf/Piano.mf.Gb6.wav,2466706,44100,2,16
Gb6,90,Gb,6,1479.98,ff,96,127,True,ff/Piano.ff.Gb6.aiff,wav/ff/Piano.ff.Gb6.wav,2894950,44100,2,16
G6,91,G,6,1567.98,pp,1,55,True,pp/Piano.pp.G6.aiff,wav/pp/Piano.pp.G6.wav,2330070,44100,2,16
G6,91,G,6,1567.98,mf,56,95,True,mf/Piano.mf.G6.aiff,wav/mf/Piano.mf.G6.wav,2490086,44100,2,16
G6,91,G,6,1567.98,ff,96,127,True,ff/Piano.ff.G6.aiff,wav/ff/Piano.ff.G6.wav,2654638,44100,2,16
Ab6,92,Ab,6,1661.22,pp,1,55,True,pp/Piano.pp.Ab6.aiff,wav/pp/Piano.pp.Ab6.wav,2010938,44100,2,16
Ab6,92,Ab,6,1661.22,mf,56,95,True,mf/Piano.mf.Ab6.aiff,wav/mf/Piano.mf.Ab6.wav,2116006,44100,2,16
Ab6,92,Ab,6,1661.22,ff,96,127,True,ff/Piano.ff.Ab6.aiff,wav/ff/Piano.ff.Ab6.wav,2947874,44100,2,16
A6,93,A,6,1760.0,pp,1,55,True,pp/Piano.pp.A6.aiff,wav/pp/Piano.pp.A6.wav,1748374,44100,2,16
A6,93,A,6,1760.0,mf,56,95,True,mf/Piano.mf.A6.aiff,wav/mf/Piano.mf.A6.wav,2326426,44100,2,16
A6,93,A,6,1760.0,ff,96,127,True,ff/Piano.ff.A6.aiff,wav/ff/Piano.ff.A6.wav,2491434,44100,2,16
Bb6,94,Bb,6,1864.66,pp,1,55,True,pp/Piano.pp.Bb6.aiff,wav/pp/Piano.pp.Bb6.wav,1570650,44100,2,16
Bb6,94,Bb,6,1864.66,mf,56,95,True,mf/Piano.mf.Bb6.aiff,wav/mf/Piano.mf.Bb6.wav,2630366,44100,2,16
Bb6,94,Bb,6,1864.66,ff,96,127,True,ff/Piano.ff.Bb6.aiff,wav/ff/Piano.ff.Bb6.wav,2612906,44100,2,16
B6,95,B,6,1975.53,pp,1,55,True,pp/Piano.pp.B6.aiff,wav/pp/Piano.pp.B6.wav,2119870,44100,2,16
B6,95,B,6,1975.53,mf,56,95,True,mf/Piano.mf.B6.aiff,wav/mf/Piano.mf.B6.wav,2174454,44100,2,16
B6,95,B,6,1975.53,ff,96,127,True,ff/Piano.ff.B6.aiff,wav/ff/Piano.ff.B6.wav,2637698,44100,2,16
C7,96,C,7,2093.0,pp,1,55,True,pp/Piano.pp.C7.aiff,wav/pp/Piano.pp.C7.wav,1847094,44100,2,16
C7,96,C,7,2093.0,mf,56,95,True,mf/Piano.mf.C7.aiff,wav/mf/Piano.mf.C7.wav,1882202,44100,2,16
C7,96,C,7,2093.0,ff,96,127,True,ff/Piano.ff.C7.aiff,wav/ff/Piano.ff.C7.wav,2382642,44100,2,16
Db7,97,Db,7,2217.46,pp,1,55,True,pp/Piano.pp.Db7.aiff,wav/pp/Piano.pp.Db7.wav,1476446,44100,2,16
Db7,97,Db,7,2217.46,mf,56,95,True,mf/Piano.mf.Db7.aiff,wav/mf/Piano.mf.Db7.wav,1718542,44100,2,16
Db7,97,Db,7,2217.46,ff,96,127,True,ff/Piano.ff.Db7.aiff,wav/ff/Piano.ff.Db7.wav,2090678,44100,2,16
D7,98,D,7,2349.32,pp,1,55,True,pp/Piano.pp.D7.aiff,wav/pp/Piano.pp.D7.wav,1606286,44100,2,16
D7,98,D,7,2349.32,mf,56,95,True,mf/Piano.mf.D7.aiff,wav/mf/Piano.mf.D7.wav,1484742,44100,2,16
D7,98,D,7,2349.32,ff,96,127,True,ff/Piano.ff.D7.aiff,wav/ff/Piano.ff.D7.wav,2434978,44100,2,16
Eb7,99,Eb,7,2489.02,pp,1,55,True,pp/Piano.pp.Eb7.aiff,wav/pp/Piano.pp.Eb7.wav,1324606,44100,2,16
Eb7,99,Eb,7,2489.02,mf,56,95,True,mf/Piano.mf.Eb7.aiff,wav/mf/Piano.mf.Eb7.wav,1426290,44100,2,16
Eb7,99,Eb,7,2489.02,ff,96,127,True,ff/Piano.ff.Eb7.aiff,wav/ff/Piano.ff.Eb7.wav,2366054,44100,2,16
E7,100,E,7,2637.02,pp,1,55,True,pp/Piano.pp.E7.aiff,wav/pp/Piano.pp.E7.wav,1570346,44100,2,16
E7,100,E,7,2637.02,mf,56,95,True,mf/Piano.mf.E7.aiff,wav/mf/Piano.mf.E7.wav,1741922,44100,2,16
E7,100,E,7,2637.02,ff,96,127,True,ff/Piano.ff.E7.aiff,wav/ff/Piano.ff.E7.wav,2500374,44100,2,16
F7,101,F,7,2793.83,pp,1,55,True,pp/Piano.pp.F7.aiff,wav/pp/Piano.pp.F7.wav,1929902,44100,2,16
F7,101,F,7,2793.83,mf,56,95,True,mf/Piano.mf.F7.aiff,wav/mf/Piano.mf.F7.wav,1508122,44100,2,16
F7,101,F,7,2793.83,ff,96,127,True,ff/Piano.ff.F7.aiff,wav/ff/Piano.ff.F7.wav,2363790,44100,2,16
Gb7,102,Gb,7,2959.96,pp,1,55,True,pp/Piano.pp.Gb7.aiff,wav/pp/Piano.pp.Gb7.wav,1413106,44100,2,16
Gb7,102,Gb,7,2959.96,mf,56,95,True,mf/Piano.mf.Gb7.aiff,wav/mf/Piano.mf.Gb7.wav,2437730,44100,2,16
Gb7,102,Gb,7,2959.96,ff,96,127,True,ff/Piano.ff.Gb7.aiff,wav/ff/Piano.ff.Gb7.wav,2437730,44100,2,16
G7,103,G,7,3135.96,pp,1,55,True,pp/Piano.pp.G7.aiff,wav/pp/Piano.pp.G7.wav,1502882,44100,2,16
G7,103,G,7,3135.96,mf,56,95,True,mf/Piano.mf.G7.aiff,wav/mf/Piano.mf.G7.wav,1589954,44100,2,16
G7,103,G,7,3135.96,ff,96,127,True,ff/Piano.ff.G7.aiff,wav/ff/Piano.ff.G7.wav,2208010,44100,2,16
Ab7,104,Ab,7,3322.44,pp,1,55,True,pp/Piano.pp.Ab7.aiff,wav/pp/Piano.pp.Ab7.wav,1200570,44100,2,16
Ab7,104,Ab,7,3322.44,mf,56,95,True,mf/Piano.mf.Ab7.aiff,wav/mf/Piano.mf.Ab7.wav,1508122,44100,2,16
Ab7,104,Ab,7,3322.44,ff,96,127,True,ff/Piano.ff.Ab7.aiff,wav/ff/Piano.ff.Ab7.wav,2379430,44100,2,16
A7,105,A,7,3520.0,pp,1,55,True,pp/Piano.pp.A7.aiff,wav/pp/Piano.pp.A7.wav,1254470,44100,2,16
A7,105,A,7,3520.0,mf,56,95,True,mf/Piano.mf.A7.aiff,wav/mf/Piano.mf.A7.wav,1379534,44100,2,16
A7,105,A,7,3520.0,ff,96,127,True,ff/Piano.ff.A7.aiff,wav/ff/Piano.ff.A7.wav,2392826,44100,2,16
Bb7,106,Bb,7,3729.31,pp,1,55,True,pp/Piano.pp.Bb7.aiff,wav/pp/Piano.pp.Bb7.wav,1200570,44100,2,16
Bb7,106,Bb,7,3729.31,mf,56,95,True,mf/Piano.mf.Bb7.aiff,wav/mf/Piano.mf.Bb7.wav,1332770,44100,2,16
Bb7,106,Bb,7,3729.31,ff,96,127,True,ff/Piano.ff.Bb7.aiff,wav/ff/Piano.ff.Bb7.wav,2028430,44100,2,16
B7,107,B,7,3951.07,pp,1,55,True,pp/Piano.pp.B7.aiff,wav/pp/Piano.pp.B7.wav,1274066,44100,2,16
B7,107,B,7,3951.07,mf,56,95,True,mf/Piano.mf.B7.aiff,wav/mf/Piano.mf.B7.wav,1414602,44100,2,16
B7,107,B,7,3951.07,ff,96,127,True,ff/Piano.ff.B7.aiff,wav/ff/Piano.ff.B7.wav,2309374,44100,2,16
C8,108,C,8,4186.01,pp,1,55,True,pp/Piano.pp.C8.aiff,wav/pp/Piano.pp.C8.wav,1188262,44100,2,16
C8,108,C,8,4186.01,mf,56,95,True,mf/Piano.mf.C8.aiff,wav/mf/Piano.mf.C8.wav,1960138,44100,2,16
C8,108,C,8,4186.01,ff,96,127,True,ff/Piano.ff.C8.aiff,wav/ff/Piano.ff.C8.wav,1647674,44100,2,16
